"DtTime";"Metade";"Cheia"
"2024-04-26 11:25:23";"";"1"
"2024-04-26 11:27:30";"";"0"
"2024-04-26 11:27:31";"";"0"
"2024-04-26 11:27:32";"";"0"
"2024-04-26 11:27:33";"";"0"
"2024-04-26 11:27:34";"";"1"
"2024-04-26 11:27:35";"";"1"
"2024-04-26 11:27:36";"";"1"
"2024-04-26 11:27:37";"";"0"
"2024-04-26 11:27:38";"";"0"
"2024-04-26 11:27:39";"";"0"
"2024-04-26 11:27:40";"";"0"
"2024-04-26 11:27:41";"";"0"
"2024-04-26 11:27:42";"";"0"
"2024-04-26 11:27:43";"";"0"
"2024-04-26 11:27:44";"";"0"
"2024-04-26 11:27:45";"";"0"
"2024-04-26 11:27:46";"";"1"
"2024-04-26 11:27:47";"";"1"
"2024-04-26 11:27:48";"";"1"
"2024-04-26 11:27:49";"";"0"
"2024-04-26 11:27:50";"";"0"
"2024-04-26 11:27:51";"";"0"
"2024-04-26 11:27:52";"";"0"
"2024-04-26 11:27:53";"";"0"
"2024-04-26 11:27:54";"";"0"
"2024-04-26 11:27:55";"";"0"
"2024-04-26 11:27:56";"";"0"
"2024-04-26 11:27:57";"";"0"
"2024-04-26 11:27:58";"";"0"
"2024-04-26 11:27:59";"";"0"
"2024-04-26 11:28:00";"";"0"
"2024-04-26 11:28:01";"";"0"
"2024-04-26 11:28:02";"";"0"
"2024-04-26 11:28:03";"";"0"
"2024-04-26 11:28:04";"";"0"
"2024-04-26 11:28:05";"";"0"
"2024-04-26 11:28:06";"";"0"
"2024-04-26 11:28:07";"";"0"
"2024-04-26 11:28:08";"";"0"
"2024-04-26 11:28:09";"";"0"
"2024-04-26 11:28:10";"";"0"
"2024-04-26 11:28:11";"";"0"
"2024-04-26 11:28:12";"";"0"
"2024-04-26 11:28:13";"";"0"
"2024-04-26 11:28:14";"";"0"
"2024-04-26 11:28:15";"";"0"
"2024-04-26 11:28:16";"";"0"
"2024-04-26 11:28:17";"";"0"
"2024-04-26 11:28:18";"";"0"
"2024-04-26 11:28:19";"";"0"
"2024-04-26 11:28:20";"";"0"
"2024-04-26 11:28:21";"";"0"
"2024-04-26 11:28:22";"";"0"
"2024-04-26 11:28:23";"";"0"
"2024-04-26 11:28:24";"";"0"
"2024-04-26 11:28:25";"";"0"
"2024-04-26 11:28:26";"";"0"
"2024-04-26 11:28:27";"";"0"
"2024-04-26 11:28:28";"";"0"
"2024-04-26 11:28:29";"";"0"
"2024-04-26 11:28:30";"";"0"
"2024-04-26 11:28:31";"";"0"
"2024-04-26 11:28:32";"";"0"
"2024-04-26 11:28:33";"";"0"
"2024-04-26 11:28:34";"";"0"
"2024-04-26 11:28:35";"";"0"
"2024-04-26 11:28:36";"";"0"
"2024-04-26 11:28:37";"";"0"
"2024-04-26 11:28:38";"";"0"
"2024-04-26 11:28:39";"";"0"
"2024-04-26 11:28:40";"";"0"
"2024-04-26 11:28:41";"";"0"
"2024-04-26 11:28:42";"";"0"
"2024-04-26 11:28:43";"";"0"
"2024-04-26 11:28:44";"";"0"
"2024-04-26 11:28:45";"";"0"
"2024-04-26 11:28:46";"";"0"
"2024-04-26 11:28:47";"";"0"
"2024-04-26 11:28:48";"";"0"
"2024-04-26 11:28:49";"";"0"
"2024-04-26 11:28:50";"";"0"
"2024-04-26 11:28:51";"";"0"
"2024-04-26 11:28:52";"";"0"
"2024-04-26 11:28:53";"";"0"
"2024-04-26 11:28:54";"";"0"
"2024-04-26 11:28:55";"";"0"
"2024-04-26 11:28:56";"";"0"
"2024-04-26 11:28:57";"";"0"
"2024-04-26 11:28:58";"";"0"
"2024-04-26 11:28:59";"";"0"
"2024-04-26 11:29:00";"";"0"
"2024-04-26 11:29:01";"";"0"
"2024-04-26 11:29:02";"";"0"
"2024-04-26 11:29:03";"";"0"
"2024-04-26 11:29:04";"";"0"
"2024-04-26 11:29:05";"";"0"
"2024-04-26 11:29:06";"";"0"
"2024-04-26 11:29:07";"";"0"
"2024-04-26 11:29:08";"";"0"
"2024-04-26 11:29:09";"";"0"
"2024-04-26 11:29:10";"";"0"
"2024-04-26 11:29:11";"";"0"
"2024-04-26 11:29:12";"";"0"
"2024-04-26 11:29:13";"";"0"
"2024-04-26 11:29:14";"";"0"
"2024-04-26 11:29:15";"";"0"
"2024-04-26 11:29:16";"";"0"
"2024-04-26 11:29:17";"";"0"
"2024-04-26 11:29:18";"";"0"
"2024-04-26 11:29:19";"";"0"
"2024-04-26 11:29:20";"";"0"
"2024-04-26 11:29:21";"";"0"
"2024-04-26 11:29:22";"";"0"
"2024-04-26 11:29:23";"";"0"
"2024-04-26 11:29:24";"";"0"
"2024-04-26 11:29:25";"";"0"
"2024-04-26 11:29:26";"";"0"
"2024-04-26 11:29:27";"";"0"
"2024-04-26 11:29:28";"";"0"
"2024-04-26 11:29:29";"";"0"
"2024-04-26 11:29:30";"";"0"
"2024-04-26 11:29:31";"";"0"
"2024-04-26 11:29:32";"";"0"
"2024-04-26 11:29:33";"";"0"
"2024-04-26 11:29:34";"";"0"
"2024-04-26 11:29:35";"";"0"
"2024-04-26 11:29:36";"";"0"
"2024-04-26 11:29:37";"";"0"
"2024-04-26 11:29:38";"";"0"
"2024-04-26 11:29:39";"";"0"
"2024-04-26 11:29:40";"";"0"
"2024-04-26 11:29:41";"";"0"
"2024-04-26 11:29:42";"";"1"
"2024-04-26 11:29:43";"";"1"
"2024-04-26 11:29:44";"";"0"
"2024-04-26 11:29:45";"";"0"
"2024-04-26 11:29:46";"";"0"
"2024-04-26 11:29:47";"";"0"
"2024-04-26 11:29:48";"";"0"
"2024-04-26 11:29:49";"";"0"
"2024-04-26 11:29:50";"";"0"
"2024-04-26 11:29:51";"";"0"
"2024-04-26 11:29:52";"";"0"
"2024-04-26 11:29:53";"";"0"
"2024-04-26 11:29:54";"";"0"
"2024-04-26 11:29:55";"";"0"
"2024-04-26 11:29:56";"";"0"
"2024-04-26 11:29:57";"";"0"
"2024-04-26 11:29:58";"";"0"
"2024-04-26 11:29:59";"";"0"
"2024-04-26 11:30:00";"";"0"
"2024-04-26 11:30:01";"";"0"
"2024-04-26 11:30:02";"";"0"
"2024-04-26 11:30:03";"";"0"
"2024-04-26 11:30:04";"";"0"
"2024-04-26 11:30:05";"";"0"
"2024-04-26 11:30:06";"";"0"
"2024-04-26 11:30:07";"";"0"
"2024-04-26 11:30:08";"";"0"
"2024-04-26 11:30:09";"";"0"
"2024-04-26 11:30:10";"";"0"
"2024-04-26 11:30:11";"";"0"
"2024-04-26 11:30:12";"";"0"
"2024-04-26 11:30:13";"";"0"
"2024-04-26 11:30:14";"";"0"
"2024-04-26 11:30:15";"";"0"
"2024-04-26 11:30:16";"";"0"
"2024-04-26 11:30:17";"";"0"
"2024-04-26 11:30:18";"";"0"
"2024-04-26 11:30:19";"";"0"
"2024-04-26 11:30:20";"";"0"
"2024-04-26 11:30:21";"";"0"
"2024-04-26 11:30:22";"";"0"
"2024-04-26 11:30:23";"";"0"
"2024-04-26 11:30:24";"";"0"
"2024-04-26 11:30:25";"";"0"
"2024-04-26 11:30:26";"";"0"
"2024-04-26 11:30:27";"";"0"
"2024-04-26 11:30:28";"";"0"
"2024-04-26 11:30:29";"";"0"
"2024-04-26 11:30:30";"";"0"
"2024-04-26 11:30:31";"";"0"
"2024-04-26 11:30:32";"";"0"
"2024-04-26 11:30:33";"";"0"
"2024-04-26 11:30:34";"";"0"
"2024-04-26 11:30:35";"";"0"
"2024-04-26 11:30:36";"";"0"
"2024-04-26 11:30:37";"";"0"
"2024-04-26 11:30:38";"";"0"
"2024-04-26 11:30:39";"";"0"
"2024-04-26 11:30:40";"";"0"
"2024-04-26 11:30:41";"";"0"
"2024-04-26 11:30:42";"";"0"
"2024-04-26 11:30:43";"";"0"
"2024-04-26 11:30:44";"";"0"
"2024-04-26 11:30:45";"";"0"
"2024-04-26 11:30:46";"";"0"
"2024-04-26 11:30:47";"";"0"
"2024-04-26 11:30:48";"";"0"
"2024-04-26 11:30:49";"";"0"
"2024-04-26 11:30:50";"";"0"
"2024-04-26 11:30:51";"";"0"
"2024-04-26 11:30:52";"";"0"
"2024-04-26 11:30:53";"";"0"
"2024-04-26 11:30:54";"";"0"
"2024-04-26 11:30:55";"";"0"
"2024-04-26 11:30:56";"";"0"
"2024-04-26 11:30:57";"";"1"
"2024-04-26 11:30:58";"";"1"
"2024-04-26 11:30:59";"";"1"
"2024-04-26 11:31:00";"";"1"
"2024-04-26 11:31:01";"";"0"
"2024-04-26 11:31:02";"";"0"
"2024-04-26 11:31:03";"";"0"
"2024-04-26 11:31:04";"";"0"
"2024-04-26 11:31:05";"";"0"
"2024-04-26 11:31:06";"";"0"
"2024-04-26 11:31:07";"";"0"
"2024-04-26 11:31:08";"";"0"
"2024-04-26 11:31:09";"";"0"
"2024-04-26 11:31:10";"";"0"
"2024-04-26 11:31:11";"";"0"
"2024-04-26 11:31:12";"";"0"
"2024-04-26 11:31:13";"";"0"
"2024-04-26 11:31:14";"";"0"
"2024-04-26 11:31:15";"";"0"
"2024-04-26 11:31:16";"";"0"
"2024-04-26 11:31:17";"";"0"
"2024-04-26 11:31:18";"";"0"
"2024-04-26 11:31:19";"";"0"
"2024-04-26 11:31:20";"";"0"
"2024-04-26 11:31:21";"";"0"
"2024-04-26 11:31:22";"";"0"
"2024-04-26 11:31:23";"";"0"
"2024-04-26 11:31:24";"";"0"
"2024-04-26 11:31:25";"";"0"
"2024-04-26 11:31:26";"";"0"
"2024-04-26 11:31:27";"";"0"
"2024-04-26 11:31:28";"";"0"
"2024-04-26 11:31:29";"";"0"
"2024-04-26 11:31:30";"";"0"
"2024-04-26 11:31:31";"";"0"
"2024-04-26 11:31:32";"";"0"
"2024-04-26 11:31:33";"";"0"
"2024-04-26 11:31:34";"";"0"
"2024-04-26 11:31:35";"";"0"
"2024-04-26 11:31:36";"";"0"
"2024-04-26 11:31:37";"";"0"
"2024-04-26 11:31:38";"";"0"
"2024-04-26 11:31:39";"";"0"
"2024-04-26 11:31:40";"";"0"
"2024-04-26 11:31:41";"";"0"
"2024-04-26 11:31:42";"";"0"
"2024-04-26 11:31:43";"";"0"
"2024-04-26 11:31:44";"";"0"
"2024-04-26 11:31:45";"";"0"
"2024-04-26 11:31:46";"";"0"
"2024-04-26 11:31:47";"";"0"
"2024-04-26 11:31:48";"";"0"
"2024-04-26 11:31:49";"";"0"
"2024-04-26 11:31:50";"";"0"
"2024-04-26 11:31:51";"";"0"
"2024-04-26 11:31:52";"";"0"
"2024-04-26 11:31:53";"";"0"
"2024-04-26 11:31:54";"";"0"
"2024-04-26 11:31:55";"";"0"
"2024-04-26 11:31:56";"";"0"
"2024-04-26 11:31:57";"";"0"
"2024-04-26 11:31:58";"";"0"
"2024-04-26 11:31:59";"";"0"
"2024-04-26 11:32:00";"";"0"
"2024-04-26 11:32:01";"";"0"
"2024-04-26 11:32:02";"";"0"
"2024-04-26 11:32:03";"";"0"
"2024-04-26 11:32:04";"";"0"
"2024-04-26 11:32:05";"";"0"
"2024-04-26 11:32:06";"";"0"
"2024-04-26 11:32:07";"";"0"
"2024-04-26 11:32:08";"";"0"
"2024-04-26 11:32:09";"";"0"
"2024-04-26 11:32:10";"";"0"
"2024-04-26 11:32:11";"";"0"
"2024-04-26 11:32:12";"";"0"
"2024-04-26 11:32:13";"";"0"
"2024-04-26 11:32:14";"";"0"
"2024-04-26 11:32:15";"";"0"
"2024-04-26 11:32:16";"";"0"
"2024-04-26 11:32:17";"";"0"
"2024-04-26 11:32:18";"";"0"
"2024-04-26 11:32:19";"";"0"
"2024-04-26 11:32:20";"";"0"
"2024-04-26 11:32:21";"";"0"
"2024-04-26 11:32:22";"";"0"
"2024-04-26 11:32:23";"";"0"
"2024-04-26 11:32:24";"";"0"
"2024-04-26 11:32:25";"";"0"
"2024-04-26 11:32:26";"";"0"
"2024-04-26 11:32:27";"";"0"
"2024-04-26 11:32:28";"";"0"
"2024-04-26 11:32:29";"";"0"
"2024-04-26 11:32:30";"";"0"
"2024-04-26 11:32:31";"";"0"
"2024-04-26 11:32:32";"";"0"
"2024-04-26 11:32:33";"";"0"
"2024-04-26 11:32:34";"";"0"
"2024-04-26 11:32:35";"";"0"
"2024-04-26 11:32:36";"";"0"
"2024-04-26 11:32:37";"";"0"
"2024-04-26 11:32:38";"";"0"
"2024-04-26 11:32:39";"";"0"
"2024-04-26 11:32:40";"";"0"
"2024-04-26 11:32:41";"";"0"
"2024-04-26 11:32:42";"";"0"
"2024-04-26 11:32:43";"";"0"
"2024-04-26 11:32:44";"";"0"
"2024-04-26 11:32:45";"";"0"
"2024-04-26 11:32:46";"";"0"
"2024-04-26 11:32:47";"";"0"
"2024-04-26 11:32:48";"";"0"
"2024-04-26 11:32:49";"";"0"
"2024-04-26 11:32:50";"";"0"
"2024-04-26 11:32:51";"";"0"
"2024-04-26 11:32:52";"";"0"
"2024-04-26 11:32:53";"";"0"
"2024-04-26 11:32:54";"";"0"
"2024-04-26 11:32:55";"";"0"
"2024-04-26 11:32:56";"";"0"
"2024-04-26 11:32:57";"";"0"
"2024-04-26 11:32:58";"";"0"
"2024-04-26 11:32:59";"";"0"
"2024-04-26 11:33:00";"";"0"
"2024-04-26 11:33:01";"";"0"
"2024-04-26 11:33:02";"";"0"
"2024-04-26 11:33:03";"";"0"
"2024-04-26 11:33:04";"";"0"
"2024-04-26 11:33:05";"";"0"
"2024-04-26 11:33:06";"";"0"
"2024-04-26 11:33:07";"";"0"
"2024-04-26 11:33:08";"";"0"
"2024-04-26 11:33:09";"";"0"
"2024-04-26 11:33:10";"";"0"
"2024-04-26 11:33:11";"";"0"
"2024-04-26 11:33:12";"";"0"
"2024-04-26 11:33:13";"";"0"
"2024-04-26 11:33:14";"";"0"
"2024-04-26 11:33:15";"";"0"
"2024-04-26 11:33:16";"";"0"
"2024-04-26 11:33:17";"";"0"
"2024-04-26 11:33:18";"";"0"
"2024-04-26 11:33:19";"";"0"
"2024-04-26 11:33:20";"";"0"
"2024-04-26 11:33:21";"";"0"
"2024-04-26 11:33:22";"";"0"
"2024-04-26 11:33:23";"";"0"
"2024-04-26 11:33:24";"";"0"
"2024-04-26 11:33:25";"";"0"
"2024-04-26 11:33:26";"";"0"
"2024-04-26 11:33:27";"";"0"
"2024-04-26 11:33:28";"";"0"
"2024-04-26 11:33:29";"";"0"
"2024-04-26 11:33:30";"";"0"
"2024-04-26 11:33:31";"";"0"
"2024-04-26 11:33:32";"";"0"
"2024-04-26 11:33:33";"";"0"
"2024-04-26 11:33:34";"";"0"
"2024-04-26 11:33:35";"";"0"
"2024-04-26 11:33:36";"";"0"
"2024-04-26 11:33:37";"";"0"
"2024-04-26 11:33:38";"";"0"
"2024-04-26 11:33:39";"";"0"
"2024-04-26 11:33:40";"";"0"
"2024-04-26 11:33:41";"";"0"
"2024-04-26 11:33:42";"";"0"
"2024-04-26 11:33:43";"";"0"
"2024-04-26 11:33:44";"";"0"
"2024-04-26 11:33:45";"";"0"
"2024-04-26 11:33:46";"";"1"
"2024-04-26 11:33:47";"";"1"
"2024-04-26 11:33:48";"";"0"
"2024-04-26 11:33:49";"";"0"
"2024-04-26 11:33:50";"";"0"
"2024-04-26 11:33:51";"";"0"
"2024-04-26 11:33:52";"";"1"
"2024-04-26 11:33:53";"";"1"
"2024-04-26 11:33:54";"";"1"
"2024-04-26 11:33:55";"";"0"
"2024-04-26 11:33:56";"";"0"
"2024-04-26 11:33:57";"";"0"
"2024-04-26 11:33:58";"";"0"
"2024-04-26 11:33:59";"";"0"
"2024-04-26 11:34:00";"";"0"
"2024-04-26 11:34:01";"";"0"
"2024-04-26 11:34:02";"";"0"
"2024-04-26 11:34:03";"";"0"
"2024-04-26 11:34:04";"";"0"
"2024-04-26 11:34:05";"";"0"
"2024-04-26 11:34:06";"";"0"
"2024-04-26 11:34:07";"";"0"
"2024-04-26 11:34:08";"";"0"
"2024-04-26 11:34:09";"";"0"
"2024-04-26 11:34:10";"";"0"
"2024-04-26 11:34:11";"";"0"
"2024-04-26 11:34:12";"";"0"
"2024-04-26 11:34:13";"";"0"
"2024-04-26 11:34:14";"";"0"
"2024-04-26 11:34:15";"";"0"
"2024-04-26 11:34:16";"";"0"
"2024-04-26 11:34:17";"";"0"
"2024-04-26 11:34:18";"";"0"
"2024-04-26 11:34:19";"";"0"
"2024-04-26 11:34:20";"";"0"
"2024-04-26 11:34:21";"";"0"
"2024-04-26 11:34:22";"";"0"
"2024-04-26 11:34:23";"";"0"
"2024-04-26 11:34:24";"";"0"
"2024-04-26 11:34:25";"";"0"
"2024-04-26 11:34:26";"";"0"
"2024-04-26 11:34:27";"";"0"
"2024-04-26 11:34:28";"";"0"
"2024-04-26 11:34:29";"";"0"
"2024-04-26 11:34:30";"";"0"
"2024-04-26 11:34:31";"";"0"
"2024-04-26 11:34:32";"";"0"
"2024-04-26 11:34:33";"";"0"
"2024-04-26 11:34:34";"";"0"
"2024-04-26 11:34:35";"";"0"
"2024-04-26 11:34:36";"";"0"
"2024-04-26 11:34:37";"";"0"
"2024-04-26 11:34:38";"";"0"
"2024-04-26 11:34:39";"";"0"
"2024-04-26 11:34:40";"";"0"
"2024-04-26 11:34:41";"";"0"
"2024-04-26 11:34:42";"";"0"
"2024-04-26 11:34:43";"";"0"
"2024-04-26 11:34:44";"";"0"
"2024-04-26 11:34:45";"";"0"
"2024-04-26 11:34:46";"";"0"
"2024-04-26 11:34:47";"";"0"
"2024-04-26 11:34:48";"";"0"
"2024-04-26 11:34:49";"";"0"
"2024-04-26 11:34:50";"";"0"
"2024-04-26 11:34:51";"";"0"
"2024-04-26 11:34:52";"";"0"
"2024-04-26 11:34:53";"";"0"
"2024-04-26 11:34:54";"";"0"
"2024-04-26 11:34:55";"";"0"
"2024-04-26 11:34:56";"";"0"
"2024-04-26 11:34:57";"";"0"
"2024-04-26 11:34:58";"";"0"
"2024-04-26 11:34:59";"";"0"
"2024-04-26 11:35:00";"";"0"
"2024-04-26 11:35:01";"";"0"
"2024-04-26 11:35:02";"";"0"
"2024-04-26 11:35:03";"";"0"
"2024-04-26 11:35:04";"";"0"
"2024-04-26 11:35:05";"";"0"
"2024-04-26 11:35:06";"";"0"
"2024-04-26 11:35:07";"";"0"
"2024-04-26 11:35:08";"";"0"
"2024-04-26 11:35:09";"";"0"
"2024-04-26 11:35:10";"";"0"
"2024-04-26 11:35:11";"";"0"
"2024-04-26 11:35:12";"";"0"
"2024-04-26 11:35:13";"";"0"
"2024-04-26 11:35:14";"";"0"
"2024-04-26 11:35:15";"";"1"
"2024-04-26 11:35:16";"";"1"
"2024-04-26 11:35:17";"";"0"
"2024-04-26 11:35:18";"";"0"
"2024-04-26 11:35:19";"";"0"
"2024-04-26 11:35:20";"";"0"
"2024-04-26 11:35:21";"";"0"
"2024-04-26 11:35:22";"";"0"
"2024-04-26 11:35:23";"";"0"
"2024-04-26 11:35:24";"";"0"
"2024-04-26 11:35:25";"";"0"
"2024-04-26 11:35:26";"";"0"
"2024-04-26 11:35:27";"";"0"
"2024-04-26 11:35:28";"";"1"
"2024-04-26 11:35:29";"";"1"
"2024-04-26 11:35:30";"";"0"
"2024-04-26 11:35:31";"";"0"
"2024-04-26 11:35:32";"";"0"
"2024-04-26 11:35:33";"";"0"
"2024-04-26 11:35:34";"";"0"
"2024-04-26 11:35:35";"";"0"
"2024-04-26 11:35:36";"";"0"
"2024-04-26 11:35:37";"";"0"
"2024-04-26 11:35:38";"";"0"
"2024-04-26 11:35:39";"";"0"
"2024-04-26 11:35:40";"";"0"
"2024-04-26 11:35:41";"";"0"
"2024-04-26 11:35:42";"";"0"
"2024-04-26 11:35:43";"";"0"
"2024-04-26 11:35:44";"";"0"
"2024-04-26 11:35:45";"";"0"
"2024-04-26 11:35:46";"";"0"
"2024-04-26 11:35:47";"";"0"
"2024-04-26 11:35:48";"";"0"
"2024-04-26 11:35:49";"";"0"
"2024-04-26 11:35:50";"";"0"
"2024-04-26 11:35:51";"";"0"
"2024-04-26 11:35:52";"";"0"
"2024-04-26 11:35:53";"";"0"
"2024-04-26 11:35:54";"";"0"
"2024-04-26 11:35:55";"";"0"
"2024-04-26 11:35:56";"";"0"
"2024-04-26 11:35:57";"";"0"
"2024-04-26 11:35:58";"";"0"
"2024-04-26 11:35:59";"";"0"
"2024-04-26 11:36:00";"";"0"
"2024-04-26 11:36:01";"";"0"
"2024-04-26 11:36:02";"";"0"
"2024-04-26 11:36:03";"";"0"
"2024-04-26 11:36:04";"";"0"
"2024-04-26 11:36:05";"";"0"
"2024-04-26 11:36:06";"";"0"
"2024-04-26 11:36:07";"";"0"
"2024-04-26 11:36:08";"";"0"
"2024-04-26 11:36:09";"";"0"
"2024-04-26 11:36:10";"";"0"
"2024-04-26 11:36:11";"";"0"
"2024-04-26 11:36:12";"";"0"
"2024-04-26 11:36:13";"";"0"
"2024-04-26 11:36:14";"";"0"
"2024-04-26 11:36:15";"";"0"
"2024-04-26 11:36:16";"";"0"
"2024-04-26 11:36:17";"";"0"
"2024-04-26 11:36:18";"";"0"
"2024-04-26 11:36:19";"";"0"
"2024-04-26 11:36:20";"";"0"
"2024-04-26 11:36:21";"";"0"
"2024-04-26 11:36:22";"";"0"
"2024-04-26 11:36:23";"";"1"
"2024-04-26 11:36:24";"";"1"
"2024-04-26 11:36:25";"";"1"
"2024-04-26 11:36:26";"";"0"
"2024-04-26 11:36:27";"";"0"
"2024-04-26 11:36:28";"";"0"
"2024-04-26 11:36:29";"";"0"
"2024-04-26 11:36:30";"";"0"
"2024-04-26 11:36:31";"";"0"
"2024-04-26 11:36:32";"";"0"
"2024-04-26 11:36:33";"";"0"
"2024-04-26 11:36:34";"";"0"
"2024-04-26 11:36:35";"";"0"
"2024-04-26 11:36:36";"";"0"
"2024-04-26 11:36:37";"";"0"
"2024-04-26 11:36:38";"";"0"
"2024-04-26 11:36:39";"";"0"
"2024-04-26 11:36:40";"";"0"
"2024-04-26 11:36:41";"";"0"
"2024-04-26 11:36:42";"";"0"
"2024-04-26 11:36:43";"";"0"
"2024-04-26 11:36:44";"";"0"
"2024-04-26 11:36:45";"";"0"
"2024-04-26 11:36:46";"";"0"
"2024-04-26 11:36:47";"";"0"
"2024-04-26 11:36:48";"";"0"
"2024-04-26 11:36:49";"";"0"
"2024-04-26 11:36:50";"";"0"
"2024-04-26 11:36:51";"";"0"
"2024-04-26 11:36:52";"";"0"
"2024-04-26 11:36:53";"";"0"
"2024-04-26 11:36:54";"";"0"
"2024-04-26 11:36:55";"";"0"
"2024-04-26 11:36:56";"";"0"
"2024-04-26 11:36:57";"";"0"
"2024-04-26 11:36:58";"";"0"
"2024-04-26 11:36:59";"";"0"
"2024-04-26 11:37:00";"";"0"
"2024-04-26 11:37:01";"";"0"
"2024-04-26 11:37:02";"";"0"
"2024-04-26 11:37:03";"";"0"
"2024-04-26 11:37:04";"";"0"
"2024-04-26 11:37:05";"";"0"
"2024-04-26 11:37:06";"";"0"
"2024-04-26 11:37:07";"";"0"
"2024-04-26 11:37:08";"";"0"
"2024-04-26 11:37:09";"";"0"
"2024-04-26 11:37:10";"";"0"
"2024-04-26 11:37:11";"";"0"
"2024-04-26 11:37:12";"";"0"
"2024-04-26 11:37:13";"";"0"
"2024-04-26 11:37:14";"";"0"
"2024-04-26 11:37:15";"";"0"
"2024-04-26 11:37:16";"";"0"
"2024-04-26 11:37:17";"";"0"
"2024-04-26 11:37:18";"";"0"
"2024-04-26 11:37:19";"";"0"
"2024-04-26 11:37:20";"";"0"
"2024-04-26 11:37:21";"";"0"
"2024-04-26 11:37:22";"";"0"
"2024-04-26 11:37:23";"";"0"
"2024-04-26 11:37:24";"";"0"
"2024-04-26 11:37:25";"";"0"
"2024-04-26 11:37:26";"";"0"
"2024-04-26 11:37:27";"";"0"
"2024-04-26 11:37:28";"";"0"
"2024-04-26 11:37:29";"";"0"
"2024-04-26 11:37:30";"";"0"
"2024-04-26 11:37:31";"";"0"
"2024-04-26 11:37:32";"";"0"
"2024-04-26 11:37:33";"";"0"
"2024-04-26 11:37:34";"";"0"
"2024-04-26 11:37:35";"";"0"
"2024-04-26 11:37:36";"";"0"
"2024-04-26 11:37:37";"";"0"
"2024-04-26 11:37:38";"";"0"
"2024-04-26 11:37:39";"";"0"
"2024-04-26 11:37:40";"";"0"
"2024-04-26 11:37:41";"";"0"
"2024-04-26 11:37:42";"";"0"
"2024-04-26 11:37:43";"";"0"
"2024-04-26 11:37:44";"";"0"
"2024-04-26 11:37:45";"";"0"
"2024-04-26 11:37:46";"";"0"
"2024-04-26 11:37:47";"";"0"
"2024-04-26 11:37:48";"";"0"
"2024-04-26 11:37:49";"";"0"
"2024-04-26 11:37:50";"";"0"
"2024-04-26 11:37:51";"";"0"
"2024-04-26 11:37:52";"";"0"
"2024-04-26 11:37:53";"";"0"
"2024-04-26 11:37:54";"";"0"
"2024-04-26 11:37:55";"";"0"
"2024-04-26 11:37:56";"";"0"
"2024-04-26 11:37:57";"";"0"
"2024-04-26 11:37:58";"";"0"
"2024-04-26 11:37:59";"";"0"
"2024-04-26 11:38:00";"";"0"
"2024-04-26 11:38:01";"";"0"
"2024-04-26 11:38:02";"";"0"
"2024-04-26 11:38:03";"";"0"
"2024-04-26 11:38:04";"";"0"
"2024-04-26 11:38:05";"";"0"
"2024-04-26 11:38:06";"";"0"
"2024-04-26 11:38:07";"";"0"
"2024-04-26 11:38:08";"";"0"
"2024-04-26 11:38:09";"";"0"
"2024-04-26 11:38:10";"";"0"
"2024-04-26 11:38:11";"";"0"
"2024-04-26 11:38:12";"";"0"
"2024-04-26 11:38:13";"";"0"
"2024-04-26 11:38:14";"";"0"
"2024-04-26 11:38:15";"";"0"
"2024-04-26 11:38:16";"";"0"
"2024-04-26 11:38:17";"";"0"
"2024-04-26 11:38:18";"";"0"
"2024-04-26 11:38:19";"";"0"
"2024-04-26 11:38:20";"";"0"
"2024-04-26 11:38:21";"";"0"
"2024-04-26 11:38:22";"";"0"
"2024-04-26 11:38:23";"";"0"
"2024-04-26 11:38:24";"";"0"
"2024-04-26 11:38:25";"";"0"
"2024-04-26 11:38:26";"";"0"
"2024-04-26 11:38:27";"";"0"
"2024-04-26 11:38:28";"";"0"
"2024-04-26 11:38:29";"";"0"
"2024-04-26 11:38:30";"";"0"
"2024-04-26 11:38:31";"";"0"
"2024-04-26 11:38:32";"";"0"
"2024-04-26 11:38:33";"";"0"
"2024-04-26 11:38:34";"";"0"
"2024-04-26 11:38:35";"";"0"
"2024-04-26 11:38:36";"";"0"
"2024-04-26 11:38:37";"";"0"
"2024-04-26 11:38:38";"";"0"
"2024-04-26 11:38:39";"";"0"
"2024-04-26 11:38:40";"";"0"
"2024-04-26 11:38:41";"";"0"
"2024-04-26 11:38:42";"";"0"
"2024-04-26 11:38:43";"";"1"
"2024-04-26 11:38:44";"";"1"
"2024-04-26 11:38:45";"";"1"
"2024-04-26 11:38:46";"";"0"
"2024-04-26 11:38:47";"";"0"
"2024-04-26 11:38:48";"";"0"
"2024-04-26 11:38:49";"";"0"
"2024-04-26 11:38:50";"";"0"
"2024-04-26 11:38:51";"";"0"
"2024-04-26 11:38:52";"";"0"
"2024-04-26 11:38:53";"";"0"
"2024-04-26 11:38:54";"";"0"
"2024-04-26 11:38:55";"";"0"
"2024-04-26 11:38:56";"";"0"
"2024-04-26 11:38:57";"";"0"
"2024-04-26 11:38:58";"";"0"
"2024-04-26 11:38:59";"";"0"
"2024-04-26 11:39:00";"";"0"
"2024-04-26 11:39:01";"";"0"
"2024-04-26 11:39:02";"";"0"
"2024-04-26 11:39:03";"";"0"
"2024-04-26 11:39:04";"";"0"
"2024-04-26 11:39:05";"";"0"
"2024-04-26 11:39:06";"";"0"
"2024-04-26 11:39:07";"";"0"
"2024-04-26 11:39:08";"";"0"
"2024-04-26 11:39:09";"";"0"
"2024-04-26 11:39:10";"";"0"
"2024-04-26 11:39:11";"";"0"
"2024-04-26 11:39:12";"";"0"
"2024-04-26 11:39:13";"";"0"
"2024-04-26 11:39:14";"";"0"
"2024-04-26 11:39:15";"";"0"
"2024-04-26 11:39:16";"";"0"
"2024-04-26 11:39:17";"";"0"
"2024-04-26 11:39:18";"";"0"
"2024-04-26 11:39:19";"";"0"
"2024-04-26 11:39:20";"";"0"
"2024-04-26 11:39:21";"";"0"
"2024-04-26 11:39:22";"";"0"
"2024-04-26 11:39:23";"";"0"
"2024-04-26 11:39:24";"";"0"
"2024-04-26 11:39:25";"";"0"
"2024-04-26 11:39:26";"";"0"
"2024-04-26 11:39:27";"";"0"
"2024-04-26 11:39:28";"";"0"
"2024-04-26 11:39:29";"";"0"
"2024-04-26 11:39:30";"";"0"
"2024-04-26 11:39:31";"";"0"
"2024-04-26 11:39:32";"";"0"
"2024-04-26 11:39:33";"";"0"
"2024-04-26 11:39:34";"";"0"
"2024-04-26 11:39:35";"";"0"
"2024-04-26 11:39:36";"";"0"
"2024-04-26 11:39:37";"";"0"
"2024-04-26 11:39:38";"";"0"
"2024-04-26 11:39:39";"";"0"
"2024-04-26 11:39:40";"";"0"
"2024-04-26 11:39:41";"";"0"
"2024-04-26 11:39:42";"";"0"
"2024-04-26 11:39:43";"";"0"
"2024-04-26 11:39:44";"";"0"
"2024-04-26 11:39:45";"";"0"
"2024-04-26 11:39:46";"";"0"
"2024-04-26 11:39:47";"";"0"
"2024-04-26 11:39:48";"";"0"
"2024-04-26 11:39:49";"";"0"
"2024-04-26 11:39:50";"";"0"
"2024-04-26 11:39:51";"";"0"
"2024-04-26 11:39:52";"";"0"
"2024-04-26 11:39:53";"";"0"
"2024-04-26 11:39:54";"";"0"
"2024-04-26 11:39:55";"";"0"
"2024-04-26 11:39:56";"";"0"
"2024-04-26 11:40:02";"";"0"
"2024-04-26 11:40:03";"";"0"
"2024-04-26 11:40:04";"";"1"
"2024-04-26 11:40:05";"";"1"
"2024-04-26 11:40:06";"";"1"
"2024-04-26 11:40:07";"";"1"
"2024-04-26 11:40:08";"";"0"
"2024-04-26 11:40:09";"";"0"
"2024-04-26 11:40:10";"";"1"
"2024-04-26 11:40:11";"";"1"
"2024-04-26 11:40:12";"";"0"
"2024-04-26 11:40:13";"";"0"
"2024-04-26 11:40:14";"";"0"
"2024-04-26 11:40:15";"";"0"
"2024-04-26 11:40:16";"";"0"
"2024-04-26 11:40:17";"";"0"
"2024-04-26 11:40:18";"";"0"
"2024-04-26 11:40:19";"";"0"
"2024-04-26 11:40:20";"";"0"
"2024-04-26 11:40:21";"";"0"
"2024-04-26 11:40:22";"";"0"
"2024-04-26 11:40:23";"";"0"
"2024-04-26 11:40:24";"";"0"
"2024-04-26 11:40:25";"";"0"
"2024-04-26 11:40:26";"";"0"
"2024-04-26 11:40:27";"";"0"
"2024-04-26 11:40:28";"";"0"
"2024-04-26 11:40:29";"";"0"
"2024-04-26 11:40:30";"";"0"
"2024-04-26 11:40:31";"";"0"
"2024-04-26 11:40:32";"";"0"
"2024-04-26 11:40:33";"";"0"
"2024-04-26 11:40:41";"";"0"
"2024-04-26 11:40:42";"";"0"
"2024-04-26 11:40:43";"";"0"
"2024-04-26 11:40:44";"";"0"
"2024-04-26 11:40:45";"";"0"
"2024-04-26 11:40:46";"";"0"
"2024-04-26 11:40:47";"";"1"
"2024-04-26 11:40:48";"";"1"
"2024-04-26 11:40:49";"";"1"
"2024-04-26 11:40:50";"";"0"
"2024-04-26 11:40:51";"";"0"
"2024-04-26 11:40:52";"";"0"
"2024-04-26 11:40:53";"";"1"
"2024-04-26 11:40:54";"";"0"
"2024-04-26 11:40:55";"";"0"
"2024-04-26 11:40:56";"";"0"
"2024-04-26 11:40:57";"";"0"
"2024-04-26 11:40:58";"";"0"
"2024-04-26 11:40:59";"";"0"
"2024-04-26 11:41:00";"";"0"
"2024-04-26 11:41:01";"";"0"
"2024-04-26 11:41:02";"";"0"
"2024-04-26 11:41:03";"";"0"
"2024-04-26 11:41:04";"";"0"
"2024-04-26 11:41:05";"";"0"
"2024-04-26 11:41:06";"";"0"
"2024-04-26 11:41:07";"";"0"
"2024-04-26 11:41:08";"";"0"
"2024-04-26 11:41:09";"";"0"
"2024-04-26 11:41:10";"";"0"
"2024-04-26 11:41:11";"";"0"
"2024-04-26 11:41:12";"";"0"
"2024-04-26 11:41:13";"";"0"
"2024-04-26 11:41:14";"";"0"
"2024-04-26 11:41:15";"";"0"
"2024-04-26 11:41:16";"";"0"
"2024-04-26 11:41:17";"";"0"
"2024-04-26 11:41:18";"";"0"
"2024-04-26 11:41:19";"";"0"
"2024-04-26 11:41:20";"";"0"
"2024-04-26 11:41:21";"";"0"
"2024-04-26 11:41:22";"";"0"
"2024-04-26 11:41:23";"";"0"
"2024-04-26 11:41:24";"";"0"
"2024-04-26 11:41:25";"";"0"
"2024-04-26 11:41:26";"";"0"
"2024-04-26 11:41:27";"";"0"
"2024-04-26 11:41:28";"";"0"
"2024-04-26 11:41:29";"";"0"
"2024-04-26 11:41:30";"";"0"
"2024-04-26 11:41:31";"";"0"
"2024-04-26 11:41:32";"";"0"
"2024-04-26 11:41:33";"";"0"
"2024-04-26 11:41:34";"";"0"
"2024-04-26 11:41:35";"";"0"
"2024-04-26 11:41:36";"";"0"
"2024-04-26 11:41:37";"";"0"
"2024-04-26 11:41:38";"";"0"
"2024-04-26 11:41:39";"";"0"
"2024-04-26 11:41:40";"";"0"
"2024-04-26 11:41:41";"";"0"
"2024-04-26 11:41:42";"";"0"
"2024-04-26 11:41:43";"";"0"
"2024-04-26 11:41:44";"";"0"
"2024-04-26 11:41:45";"";"0"
"2024-04-26 11:41:46";"";"0"
"2024-04-26 11:41:47";"";"0"
"2024-04-26 11:41:48";"";"0"
"2024-04-26 11:41:49";"";"0"
"2024-04-26 11:41:50";"";"0"
"2024-04-26 11:41:51";"";"0"
"2024-04-26 11:41:52";"";"0"
"2024-04-26 11:41:53";"";"0"
"2024-04-26 11:41:54";"";"0"
"2024-04-26 11:41:55";"";"0"
"2024-04-26 11:41:56";"";"0"
"2024-04-26 11:41:57";"";"0"
"2024-04-26 11:41:58";"";"0"
"2024-04-26 11:41:59";"";"0"
"2024-04-26 11:42:00";"";"0"
"2024-04-26 11:42:01";"";"0"
"2024-04-26 11:42:02";"";"0"
"2024-04-26 11:42:03";"";"0"
"2024-04-26 11:42:04";"";"0"
"2024-04-26 11:42:05";"";"0"
"2024-04-26 11:42:06";"";"0"
"2024-04-26 11:42:07";"";"0"
"2024-04-26 11:42:08";"";"0"
"2024-04-26 11:42:09";"";"0"
"2024-04-26 11:42:10";"";"0"
"2024-04-26 11:42:11";"";"0"
"2024-04-26 11:42:12";"";"0"
"2024-04-26 11:42:13";"";"0"
"2024-04-26 11:42:14";"";"0"
"2024-04-26 11:42:15";"";"0"
"2024-04-26 11:42:16";"";"0"
"2024-04-26 11:42:17";"";"0"
"2024-04-26 11:42:18";"";"0"
"2024-04-26 11:42:19";"";"0"
"2024-04-26 11:42:20";"";"0"
"2024-04-26 11:42:21";"";"0"
"2024-04-26 11:42:22";"";"0"
"2024-04-26 11:42:23";"";"0"
"2024-04-26 11:42:24";"";"0"
"2024-04-26 11:42:25";"";"0"
"2024-04-26 11:42:26";"";"0"
"2024-04-26 11:42:27";"";"0"
"2024-04-26 11:42:28";"";"0"
"2024-04-26 11:42:29";"";"0"
"2024-04-26 11:42:30";"";"0"
"2024-04-26 11:42:31";"";"0"
"2024-04-26 11:42:32";"";"0"
"2024-04-26 11:42:33";"";"0"
"2024-04-26 11:42:34";"";"0"
"2024-04-26 11:42:35";"";"0"
"2024-04-26 11:42:36";"";"0"
"2024-04-26 11:42:37";"";"0"
"2024-04-26 11:42:38";"";"0"
"2024-04-26 11:42:39";"";"0"
"2024-04-26 11:42:40";"";"0"
"2024-04-26 11:42:41";"";"0"
"2024-04-26 11:42:42";"";"0"
"2024-04-26 11:42:43";"";"0"
"2024-04-26 11:42:44";"";"0"
"2024-04-26 11:42:45";"";"0"
"2024-04-26 11:42:46";"";"0"
"2024-04-26 11:42:47";"";"0"
"2024-04-26 11:42:48";"";"0"
"2024-04-26 11:42:49";"";"0"
"2024-04-26 11:42:50";"";"0"
"2024-04-26 11:42:51";"";"0"
"2024-04-26 11:42:52";"";"0"
"2024-04-26 11:42:53";"";"0"
"2024-04-26 11:42:54";"";"0"
"2024-04-26 11:42:55";"";"0"
"2024-04-26 11:42:56";"";"0"
"2024-04-26 11:42:57";"";"0"
"2024-04-26 11:42:58";"";"0"
"2024-04-26 11:42:59";"";"0"
"2024-04-26 11:43:00";"";"0"
"2024-04-26 11:43:01";"";"0"
"2024-04-26 11:43:02";"";"0"
"2024-04-26 11:43:03";"";"0"
"2024-04-26 11:43:04";"";"0"
"2024-04-26 11:43:05";"";"0"
"2024-04-26 11:43:06";"";"0"
"2024-04-26 11:43:07";"";"0"
"2024-04-26 11:43:08";"";"0"
"2024-04-26 11:43:09";"";"0"
"2024-04-26 11:43:10";"";"0"
"2024-04-26 11:43:11";"";"0"
"2024-04-26 11:43:12";"";"0"
"2024-04-26 11:43:13";"";"0"
"2024-04-26 11:43:20";"";"0"
"2024-04-26 11:43:21";"";"0"
"2024-04-26 11:43:22";"";"1"
"2024-04-26 11:43:23";"";"1"
"2024-04-26 11:43:24";"";"1"
"2024-04-26 11:43:25";"";"0"
"2024-04-26 11:43:26";"";"0"
"2024-04-26 11:43:27";"";"1"
"2024-04-26 11:43:28";"";"0"
"2024-04-26 11:43:29";"";"0"
"2024-04-26 11:43:30";"";"0"
"2024-04-26 11:43:31";"";"0"
"2024-04-26 11:43:32";"";"0"
"2024-04-26 11:43:33";"";"0"
"2024-04-26 11:43:34";"";"0"
"2024-04-26 11:43:35";"";"0"
"2024-04-26 11:43:36";"";"0"
"2024-04-26 11:43:37";"";"0"
"2024-04-26 11:43:38";"";"0"
"2024-04-26 11:43:39";"";"0"
"2024-04-26 11:43:40";"";"0"
"2024-04-26 11:43:41";"";"0"
"2024-04-26 11:43:42";"";"0"
"2024-04-26 11:43:43";"";"0"
"2024-04-26 11:43:44";"";"0"
"2024-04-26 11:43:45";"";"0"
"2024-04-26 11:43:46";"";"0"
"2024-04-26 11:43:47";"";"0"
"2024-04-26 11:43:48";"";"0"
"2024-04-26 11:43:49";"";"0"
"2024-04-26 11:43:50";"";"0"
"2024-04-26 11:43:51";"";"0"
"2024-04-26 11:43:52";"";"0"
"2024-04-26 11:43:53";"";"0"
"2024-04-26 11:43:54";"";"0"
"2024-04-26 11:43:55";"";"0"
"2024-04-26 11:43:56";"";"0"
"2024-04-26 11:43:57";"";"0"
"2024-04-26 11:43:58";"";"1"
"2024-04-26 11:43:59";"";"1"
"2024-04-26 11:44:00";"";"1"
"2024-04-26 11:44:01";"";"1"
"2024-04-26 11:44:02";"";"0"
"2024-04-26 11:44:03";"";"0"
"2024-04-26 11:44:04";"";"0"
"2024-04-26 11:44:05";"";"0"
"2024-04-26 11:44:06";"";"0"
"2024-04-26 11:44:07";"";"0"
"2024-04-26 11:44:08";"";"0"
"2024-04-26 11:44:09";"";"0"
"2024-04-26 11:44:10";"";"0"
"2024-04-26 11:44:11";"";"0"
"2024-04-26 11:44:12";"";"0"
"2024-04-26 11:44:13";"";"0"
"2024-04-26 11:44:14";"";"0"
"2024-04-26 11:44:15";"";"0"
"2024-04-26 11:44:16";"";"0"
"2024-04-26 11:44:17";"";"0"
"2024-04-26 11:44:18";"";"0"
"2024-04-26 11:44:19";"";"0"
"2024-04-26 11:44:24";"";"0"
"2024-04-26 11:44:25";"";"0"
"2024-04-26 11:44:26";"";"0"
"2024-04-26 11:44:27";"";"1"
"2024-04-26 11:44:28";"";"1"
"2024-04-26 11:44:29";"";"1"
"2024-04-26 11:44:30";"";"1"
"2024-04-26 11:44:31";"";"0"
"2024-04-26 11:44:32";"";"0"
"2024-04-26 11:44:33";"";"0"
"2024-04-26 11:44:34";"";"0"
"2024-04-26 11:44:35";"";"0"
"2024-04-26 11:44:36";"";"0"
"2024-04-26 11:44:37";"";"0"
"2024-04-26 11:44:38";"";"0"
"2024-04-26 11:44:39";"";"0"
"2024-04-26 11:44:40";"";"0"
"2024-04-26 11:44:41";"";"0"
"2024-04-26 11:44:42";"";"0"
"2024-04-26 11:44:43";"";"0"
"2024-04-26 11:44:44";"";"0"
"2024-04-26 11:44:45";"";"0"
"2024-04-26 11:44:46";"";"0"
"2024-04-26 11:44:47";"";"0"
"2024-04-26 11:44:48";"";"0"
"2024-04-26 11:44:49";"";"0"
"2024-04-26 11:44:50";"";"0"
"2024-04-26 11:44:51";"";"0"
"2024-04-26 11:44:52";"";"0"
"2024-04-26 11:44:53";"";"0"
"2024-04-26 11:44:54";"";"0"
"2024-04-26 11:44:55";"";"0"
"2024-04-26 11:44:56";"";"0"
"2024-04-26 11:44:57";"";"0"
"2024-04-26 11:44:58";"";"0"
"2024-04-26 11:44:59";"";"0"
"2024-04-26 11:45:00";"";"0"
"2024-04-26 11:45:01";"";"0"
"2024-04-26 11:45:02";"";"0"
"2024-04-26 11:45:03";"";"0"
"2024-04-26 11:45:04";"";"0"
"2024-04-26 11:45:05";"";"0"
"2024-04-26 11:45:06";"";"0"
"2024-04-26 11:45:07";"";"0"
"2024-04-26 11:45:08";"";"0"
"2024-04-26 11:45:09";"";"0"
"2024-04-26 11:45:10";"";"0"
"2024-04-26 11:45:11";"";"0"
"2024-04-26 11:45:12";"";"0"
"2024-04-26 11:45:13";"";"0"
"2024-04-26 11:45:14";"";"0"
"2024-04-26 11:45:15";"";"0"
"2024-04-26 11:45:16";"";"0"
"2024-04-26 11:45:17";"";"0"
"2024-04-26 11:45:18";"";"0"
"2024-04-26 11:45:19";"";"0"
"2024-04-26 11:45:20";"";"0"
"2024-04-26 11:45:21";"";"0"
"2024-04-26 11:45:22";"";"0"
"2024-04-26 11:45:23";"";"0"
"2024-04-26 11:45:24";"";"0"
"2024-04-26 11:45:25";"";"0"
"2024-04-26 11:45:26";"";"0"
"2024-04-26 11:45:27";"";"0"
"2024-04-26 11:45:28";"";"0"
"2024-04-26 11:45:29";"";"0"
"2024-04-26 11:45:30";"";"0"
"2024-04-26 11:45:31";"";"0"
"2024-04-26 11:45:32";"";"0"
"2024-04-26 11:45:33";"";"0"
"2024-04-26 11:45:34";"";"0"
"2024-04-26 11:45:35";"";"0"
"2024-04-26 11:45:36";"";"0"
"2024-04-26 11:45:37";"";"0"
"2024-04-26 11:45:38";"";"0"
"2024-04-26 11:45:46";"";"0"
"2024-04-26 11:45:47";"";"0"
"2024-04-26 11:45:48";"";"1"
"2024-04-26 11:45:49";"";"1"
"2024-04-26 11:45:50";"";"0"
"2024-04-26 11:45:51";"";"0"
"2024-04-26 11:45:52";"";"0"
"2024-04-26 11:45:53";"";"0"
"2024-04-26 11:45:54";"";"0"
"2024-04-26 11:45:55";"";"0"
"2024-04-26 11:45:56";"";"0"
"2024-04-26 11:45:57";"";"0"
"2024-04-26 11:45:58";"";"0"
"2024-04-26 11:45:59";"";"0"
"2024-04-26 11:46:00";"";"0"
"2024-04-26 11:46:01";"";"0"
"2024-04-26 11:46:02";"";"0"
"2024-04-26 11:46:03";"";"0"
"2024-04-26 11:46:04";"";"0"
"2024-04-26 11:46:05";"";"0"
"2024-04-26 11:46:06";"";"0"
"2024-04-26 11:46:07";"";"0"
"2024-04-26 11:46:08";"";"0"
"2024-04-26 11:46:09";"";"0"
"2024-04-26 11:46:10";"";"0"
"2024-04-26 11:46:11";"";"0"
"2024-04-26 11:46:12";"";"0"
"2024-04-26 11:46:13";"";"0"
"2024-04-26 11:46:14";"";"0"
"2024-04-26 11:46:15";"";"0"
"2024-04-26 11:46:16";"";"0"
"2024-04-26 11:46:17";"";"0"
"2024-04-26 11:46:18";"";"0"
"2024-04-26 11:46:19";"";"0"
"2024-04-26 11:46:20";"";"0"
"2024-04-26 11:46:21";"";"0"
"2024-04-26 11:46:22";"";"0"
"2024-04-26 11:46:23";"";"0"
"2024-04-26 11:46:24";"";"0"
"2024-04-26 11:46:25";"";"0"
"2024-04-26 11:46:26";"";"0"
"2024-04-26 11:46:27";"";"0"
"2024-04-26 11:46:28";"";"0"
"2024-04-26 11:46:29";"";"0"
"2024-04-26 11:46:30";"";"0"
"2024-04-26 11:46:31";"";"0"
"2024-04-26 11:46:32";"";"0"
"2024-04-26 11:46:33";"";"0"
"2024-04-26 11:46:34";"";"0"
"2024-04-26 11:46:35";"";"0"
"2024-04-26 11:46:36";"";"0"
"2024-04-26 11:46:37";"";"0"
"2024-04-26 11:46:38";"";"0"
"2024-04-26 11:46:39";"";"0"
"2024-04-26 11:46:40";"";"0"
"2024-04-26 11:46:41";"";"0"
"2024-04-26 11:46:42";"";"0"
"2024-04-26 11:46:48";"";"0"
"2024-04-26 11:46:49";"";"0"
"2024-04-26 11:46:50";"";"0"
"2024-04-26 11:46:51";"";"1"
"2024-04-26 11:46:52";"";"1"
"2024-04-26 11:46:53";"";"1"
"2024-04-26 11:46:54";"";"0"
"2024-04-26 11:46:55";"";"0"
"2024-04-26 11:46:56";"";"0"
"2024-04-26 11:46:57";"";"0"
"2024-04-26 11:46:58";"";"0"
"2024-04-26 11:46:59";"";"0"
"2024-04-26 11:47:00";"";"0"
"2024-04-26 11:47:01";"";"0"
"2024-04-26 11:47:02";"";"0"
"2024-04-26 11:47:03";"";"0"
"2024-04-26 11:47:04";"";"0"
"2024-04-26 11:47:05";"";"0"
"2024-04-26 11:47:06";"";"0"
"2024-04-26 11:47:07";"";"0"
"2024-04-26 11:47:08";"";"0"
"2024-04-26 11:47:09";"";"0"
"2024-04-26 11:47:10";"";"0"
"2024-04-26 11:47:11";"";"0"
"2024-04-26 11:47:12";"";"0"
"2024-04-26 11:47:13";"";"0"
"2024-04-26 11:47:14";"";"0"
"2024-04-26 11:47:15";"";"0"
"2024-04-26 11:47:16";"";"0"
"2024-04-26 11:47:17";"";"0"
"2024-04-26 11:47:18";"";"0"
"2024-04-26 11:47:19";"";"0"
"2024-04-26 11:47:20";"";"0"
"2024-04-26 11:47:21";"";"0"
"2024-04-26 11:47:22";"";"0"
"2024-04-26 11:47:23";"";"0"
"2024-04-26 11:47:24";"";"0"
"2024-04-26 11:47:25";"";"0"
"2024-04-26 11:47:26";"";"0"
"2024-04-26 11:47:27";"";"0"
"2024-04-26 11:47:28";"";"0"
"2024-04-26 11:47:33";"";"0"
"2024-04-26 11:47:34";"";"0"
"2024-04-26 11:47:35";"";"0"
"2024-04-26 11:47:36";"";"1"
"2024-04-26 11:47:37";"";"0"
"2024-04-26 11:47:38";"";"0"
"2024-04-26 11:47:39";"";"0"
"2024-04-26 11:47:40";"";"0"
"2024-04-26 11:47:41";"";"0"
"2024-04-26 11:47:42";"";"0"
"2024-04-26 11:47:43";"";"0"
"2024-04-26 11:47:44";"";"0"
"2024-04-26 11:47:45";"";"0"
"2024-04-26 11:47:46";"";"0"
"2024-04-26 11:47:47";"";"0"
"2024-04-26 11:47:48";"";"0"
"2024-04-26 11:47:49";"";"0"
"2024-04-26 11:47:50";"";"0"
"2024-04-26 11:47:51";"";"0"
"2024-04-26 11:47:52";"";"0"
"2024-04-26 11:47:53";"";"0"
"2024-04-26 11:47:54";"";"0"
"2024-04-26 11:47:55";"";"0"
"2024-04-26 11:47:56";"";"0"
"2024-04-26 11:47:57";"";"0"
"2024-04-26 11:47:58";"";"0"
"2024-04-26 11:47:59";"";"0"
"2024-04-26 11:48:00";"";"0"
"2024-04-26 11:48:01";"";"0"
"2024-04-26 11:48:02";"";"0"
"2024-04-26 11:48:03";"";"0"
"2024-04-26 11:48:04";"";"0"
"2024-04-26 11:48:05";"";"0"
"2024-04-26 11:48:06";"";"0"
"2024-04-26 11:48:07";"";"0"
"2024-04-26 11:48:08";"";"0"
"2024-04-26 11:48:09";"";"0"
"2024-04-26 11:48:10";"";"0"
"2024-04-26 11:48:11";"";"0"
"2024-04-26 11:48:12";"";"0"
"2024-04-26 11:48:13";"";"0"
"2024-04-26 11:48:14";"";"0"
"2024-04-26 11:48:15";"";"0"
"2024-04-26 11:48:16";"";"0"
"2024-04-26 11:48:17";"";"0"
"2024-04-26 11:48:18";"";"0"
"2024-04-26 11:48:19";"";"0"
"2024-04-26 11:48:20";"";"0"
"2024-04-26 11:48:21";"";"0"
"2024-04-26 11:48:22";"";"0"
"2024-04-26 11:48:23";"";"0"
"2024-04-26 11:48:24";"";"0"
"2024-04-26 11:48:25";"";"0"
"2024-04-26 11:48:26";"";"0"
"2024-04-26 11:48:27";"";"0"
"2024-04-26 11:48:28";"";"0"
"2024-04-26 11:48:29";"";"0"
"2024-04-26 11:48:30";"";"0"
"2024-04-26 11:48:31";"";"0"
"2024-04-26 11:48:32";"";"0"
"2024-04-26 11:48:33";"";"0"
"2024-04-26 11:48:34";"";"0"
"2024-04-26 11:48:35";"";"0"
"2024-04-26 11:48:36";"";"0"
"2024-04-26 11:48:37";"";"0"
"2024-04-26 11:48:38";"";"0"
"2024-04-26 11:48:39";"";"0"
"2024-04-26 11:48:40";"";"0"
"2024-04-26 11:48:41";"";"0"
"2024-04-26 11:48:42";"";"0"
"2024-04-26 11:48:43";"";"0"
"2024-04-26 11:48:44";"";"0"
"2024-04-26 11:48:45";"";"0"
"2024-04-26 11:48:46";"";"0"
"2024-04-26 11:48:47";"";"0"
"2024-04-26 11:48:48";"";"0"
"2024-04-26 11:48:49";"";"0"
"2024-04-26 11:48:50";"";"0"
"2024-04-26 11:48:51";"";"0"
"2024-04-26 11:48:52";"";"0"
"2024-04-26 11:48:53";"";"0"
"2024-04-26 11:48:54";"";"0"
"2024-04-26 11:49:00";"";"0"
"2024-04-26 11:49:01";"";"0"
"2024-04-26 11:49:02";"";"0"
"2024-04-26 11:49:03";"";"0"
"2024-04-26 11:49:04";"";"0"
"2024-04-26 11:49:05";"";"0"
"2024-04-26 11:49:06";"";"1"
"2024-04-26 11:49:07";"";"1"
"2024-04-26 11:49:08";"";"1"
"2024-04-26 11:49:09";"";"1"
"2024-04-26 11:49:10";"";"1"
"2024-04-26 11:49:11";"";"0"
"2024-04-26 11:49:12";"";"0"
"2024-04-26 11:49:13";"";"0"
"2024-04-26 11:49:14";"";"0"
"2024-04-26 11:49:15";"";"0"
"2024-04-26 11:49:16";"";"0"
"2024-04-26 11:49:17";"";"0"
"2024-04-26 11:49:18";"";"0"
"2024-04-26 11:49:19";"";"0"
"2024-04-26 11:49:20";"";"0"
"2024-04-26 11:49:21";"";"0"
"2024-04-26 11:49:22";"";"0"
"2024-04-26 11:49:23";"";"0"
"2024-04-26 11:49:24";"";"0"
"2024-04-26 11:49:25";"";"0"
"2024-04-26 11:49:26";"";"0"
"2024-04-26 11:49:27";"";"0"
"2024-04-26 11:49:28";"";"0"
"2024-04-26 11:49:29";"";"0"
"2024-04-26 11:49:30";"";"0"
"2024-04-26 11:49:31";"";"0"
"2024-04-26 11:49:32";"";"0"
"2024-04-26 11:49:33";"";"0"
"2024-04-26 11:49:34";"";"0"
"2024-04-26 11:49:35";"";"0"
"2024-04-26 11:49:36";"";"0"
"2024-04-26 11:49:37";"";"0"
"2024-04-26 11:49:38";"";"0"
"2024-04-26 11:49:39";"";"0"
"2024-04-26 11:49:40";"";"0"
"2024-04-26 11:49:41";"";"0"
"2024-04-26 11:49:42";"";"0"
"2024-04-26 11:49:43";"";"0"
"2024-04-26 11:49:44";"";"0"
"2024-04-26 11:49:45";"";"0"
"2024-04-26 11:49:46";"";"0"
"2024-04-26 11:49:47";"";"0"
"2024-04-26 11:49:48";"";"0"
"2024-04-26 11:49:49";"";"0"
"2024-04-26 11:49:50";"";"0"
"2024-04-26 11:49:51";"";"0"
"2024-04-26 11:49:52";"";"0"
"2024-04-26 11:49:53";"";"0"
"2024-04-26 11:49:54";"";"0"
"2024-04-26 11:50:01";"";"0"
"2024-04-26 11:50:02";"";"0"
"2024-04-26 11:50:03";"";"0"
"2024-04-26 11:50:04";"";"1"
"2024-04-26 11:50:05";"";"1"
"2024-04-26 11:50:06";"";"1"
"2024-04-26 11:50:07";"";"0"
"2024-04-26 11:50:08";"";"0"
"2024-04-26 11:50:09";"";"1"
"2024-04-26 11:50:10";"";"0"
"2024-04-26 11:50:11";"";"0"
"2024-04-26 11:50:12";"";"0"
"2024-04-26 11:50:13";"";"0"
"2024-04-26 11:50:14";"";"0"
"2024-04-26 11:50:15";"";"0"
"2024-04-26 11:50:16";"";"0"
"2024-04-26 11:50:17";"";"0"
"2024-04-26 11:50:18";"";"0"
"2024-04-26 11:50:19";"";"0"
"2024-04-26 11:50:20";"";"0"
"2024-04-26 11:50:21";"";"0"
"2024-04-26 11:50:22";"";"0"
"2024-04-26 11:50:23";"";"0"
"2024-04-26 11:50:24";"";"0"
"2024-04-26 11:50:25";"";"0"
"2024-04-26 11:50:26";"";"0"
"2024-04-26 11:50:27";"";"0"
"2024-04-26 11:50:28";"";"0"
"2024-04-26 11:50:29";"";"0"
"2024-04-26 11:50:30";"";"0"
"2024-04-26 11:50:31";"";"0"
"2024-04-26 11:50:32";"";"0"
"2024-04-26 11:50:33";"";"0"
"2024-04-26 11:50:34";"";"0"
"2024-04-26 11:50:35";"";"0"
"2024-04-26 11:50:36";"";"0"
"2024-04-26 11:50:37";"";"0"
"2024-04-26 11:50:38";"";"0"
"2024-04-26 11:50:39";"";"0"
"2024-04-26 11:50:40";"";"0"
"2024-04-26 11:50:41";"";"0"
"2024-04-26 11:50:42";"";"0"
"2024-04-26 11:50:43";"";"0"
"2024-04-26 11:50:44";"";"0"
"2024-04-26 11:50:45";"";"0"
"2024-04-26 11:50:46";"";"0"
"2024-04-26 11:50:47";"";"0"
"2024-04-26 11:50:48";"";"0"
"2024-04-26 11:50:49";"";"0"
"2024-04-26 11:50:50";"";"0"
"2024-04-26 11:50:51";"";"0"
"2024-04-26 11:50:52";"";"0"
"2024-04-26 11:50:53";"";"0"
"2024-04-26 11:50:54";"";"0"
"2024-04-26 11:50:55";"";"0"
"2024-04-26 11:50:56";"";"0"
"2024-04-26 11:50:57";"";"0"
"2024-04-26 11:50:58";"";"0"
"2024-04-26 11:50:59";"";"0"
"2024-04-26 11:51:00";"";"0"
"2024-04-26 11:51:01";"";"0"
"2024-04-26 11:51:02";"";"0"
"2024-04-26 11:51:03";"";"0"
"2024-04-26 11:51:04";"";"0"
"2024-04-26 11:51:05";"";"0"
"2024-04-26 11:51:06";"";"0"
"2024-04-26 11:51:07";"";"0"
"2024-04-26 11:51:08";"";"0"
"2024-04-26 11:51:09";"";"0"
"2024-04-26 11:51:10";"";"0"
"2024-04-26 11:51:11";"";"0"
"2024-04-26 11:51:12";"";"0"
"2024-04-26 11:51:13";"";"0"
"2024-04-26 11:51:14";"";"0"
"2024-04-26 11:51:15";"";"0"
"2024-04-26 11:51:16";"";"0"
"2024-04-26 11:51:17";"";"0"
"2024-04-26 11:51:18";"";"0"
"2024-04-26 11:51:19";"";"0"
"2024-04-26 11:51:25";"";"0"
"2024-04-26 11:51:26";"";"0"
"2024-04-26 11:51:27";"";"0"
"2024-04-26 11:51:28";"";"1"
"2024-04-26 11:51:29";"";"1"
"2024-04-26 11:51:30";"";"1"
"2024-04-26 11:51:31";"";"0"
"2024-04-26 11:51:32";"";"0"
"2024-04-26 11:51:33";"";"0"
"2024-04-26 11:51:34";"";"0"
"2024-04-26 11:51:35";"";"0"
"2024-04-26 11:51:36";"";"0"
"2024-04-26 11:51:37";"";"0"
"2024-04-26 11:51:38";"";"0"
"2024-04-26 11:51:39";"";"0"
"2024-04-26 11:51:40";"";"0"
"2024-04-26 11:51:41";"";"0"
"2024-04-26 11:51:42";"";"0"
"2024-04-26 11:51:43";"";"0"
"2024-04-26 11:51:44";"";"0"
"2024-04-26 11:51:45";"";"0"
"2024-04-26 11:51:46";"";"0"
"2024-04-26 11:51:51";"";"0"
"2024-04-26 11:51:52";"";"0"
"2024-04-26 11:51:53";"";"1"
"2024-04-26 11:51:54";"";"1"
"2024-04-26 11:51:55";"";"0"
"2024-04-26 11:51:56";"";"0"
"2024-04-26 11:51:57";"";"0"
"2024-04-26 11:51:58";"";"0"
"2024-04-26 11:51:59";"";"0"
"2024-04-26 11:52:00";"";"0"
"2024-04-26 11:52:01";"";"0"
"2024-04-26 11:52:02";"";"0"
"2024-04-26 11:52:03";"";"0"
"2024-04-26 11:52:04";"";"0"
"2024-04-26 11:52:05";"";"0"
"2024-04-26 11:52:06";"";"0"
"2024-04-26 11:52:07";"";"0"
"2024-04-26 11:52:08";"";"0"
"2024-04-26 11:52:09";"";"0"
"2024-04-26 11:52:10";"";"0"
"2024-04-26 11:52:11";"";"0"
"2024-04-26 11:52:12";"";"0"
"2024-04-26 11:52:13";"";"0"
"2024-04-26 11:52:14";"";"0"
"2024-04-26 11:52:15";"";"0"
"2024-04-26 11:52:16";"";"0"
"2024-04-26 11:52:17";"";"0"
"2024-04-26 11:52:18";"";"0"
"2024-04-26 11:52:19";"";"0"
"2024-04-26 11:52:20";"";"0"
"2024-04-26 11:52:21";"";"0"
"2024-04-26 11:52:22";"";"0"
"2024-04-26 11:52:23";"";"0"
"2024-04-26 11:52:24";"";"0"
"2024-04-26 11:52:25";"";"0"
"2024-04-26 11:52:26";"";"0"
"2024-04-26 11:52:27";"";"0"
"2024-04-26 11:52:28";"";"0"
"2024-04-26 11:52:29";"";"0"
"2024-04-26 11:52:30";"";"0"
"2024-04-26 11:52:31";"";"0"
"2024-04-26 11:52:32";"";"0"
"2024-04-26 11:52:33";"";"0"
"2024-04-26 11:52:34";"";"0"
"2024-04-26 11:52:35";"";"0"
"2024-04-26 11:52:36";"";"0"
"2024-04-26 11:52:37";"";"0"
"2024-04-26 11:52:38";"";"0"
"2024-04-26 11:52:39";"";"0"
"2024-04-26 11:52:40";"";"0"
"2024-04-26 11:52:41";"";"0"
"2024-04-26 11:52:42";"";"0"
"2024-04-26 11:52:43";"";"1"
"2024-04-26 11:52:44";"";"1"
"2024-04-26 11:52:45";"";"0"
"2024-04-26 11:52:46";"";"0"
"2024-04-26 11:52:47";"";"0"
"2024-04-26 11:52:48";"";"0"
"2024-04-26 11:52:49";"";"0"
"2024-04-26 11:52:50";"";"0"
"2024-04-26 11:52:51";"";"0"
"2024-04-26 11:52:52";"";"0"
"2024-04-26 11:52:53";"";"0"
"2024-04-26 11:52:54";"";"0"
"2024-04-26 11:52:55";"";"0"
"2024-04-26 11:52:56";"";"0"
"2024-04-26 11:52:57";"";"0"
"2024-04-26 11:52:58";"";"0"
"2024-04-26 11:52:59";"";"0"
"2024-04-26 11:53:00";"";"0"
"2024-04-26 11:53:01";"";"0"
"2024-04-26 11:53:02";"";"0"
"2024-04-26 11:53:03";"";"0"
"2024-04-26 11:53:04";"";"0"
"2024-04-26 11:53:05";"";"0"
"2024-04-26 11:53:06";"";"0"
"2024-04-26 11:53:07";"";"0"
"2024-04-26 11:53:08";"";"0"
"2024-04-26 11:53:09";"";"0"
"2024-04-26 11:53:10";"";"0"
"2024-04-26 11:53:11";"";"0"
"2024-04-26 11:53:12";"";"0"
"2024-04-26 11:53:13";"";"0"
"2024-04-26 11:53:14";"";"0"
"2024-04-26 11:53:15";"";"0"
"2024-04-26 11:53:16";"";"0"
"2024-04-26 11:53:17";"";"0"
"2024-04-26 11:53:18";"";"0"
"2024-04-26 11:53:19";"";"0"
"2024-04-26 11:53:20";"";"0"
"2024-04-26 11:53:21";"";"0"
"2024-04-26 11:53:22";"";"0"
"2024-04-26 11:53:23";"";"0"
"2024-04-26 11:53:24";"";"0"
"2024-04-26 11:53:25";"";"0"
"2024-04-26 11:53:26";"";"0"
"2024-04-26 11:53:27";"";"0"
"2024-04-26 11:53:28";"";"0"
"2024-04-26 11:53:29";"";"0"
"2024-04-26 11:53:30";"";"0"
"2024-04-26 11:53:31";"";"0"
"2024-04-26 11:53:32";"";"0"
"2024-04-26 11:53:33";"";"0"
"2024-04-26 11:53:34";"";"0"
"2024-04-26 11:53:35";"";"0"
"2024-04-26 11:53:36";"";"0"
"2024-04-26 11:53:37";"";"0"
"2024-04-26 11:53:38";"";"0"
"2024-04-26 11:53:39";"";"0"
"2024-04-26 11:53:40";"";"0"
"2024-04-26 11:53:41";"";"0"
"2024-04-26 11:53:42";"";"0"
"2024-04-26 11:53:43";"";"0"
"2024-04-26 11:53:44";"";"0"
"2024-04-26 11:53:45";"";"0"
"2024-04-26 11:53:46";"";"0"
"2024-04-26 11:53:47";"";"0"
"2024-04-26 11:53:48";"";"0"
"2024-04-26 11:53:49";"";"0"
"2024-04-26 11:53:50";"";"0"
"2024-04-26 11:53:51";"";"0"
"2024-04-26 11:53:52";"";"0"
"2024-04-26 11:53:53";"";"0"
"2024-04-26 11:53:54";"";"0"
"2024-04-26 11:53:55";"";"0"
"2024-04-26 11:53:56";"";"0"
"2024-04-26 11:53:57";"";"0"
"2024-04-26 11:53:58";"";"0"
"2024-04-26 11:53:59";"";"0"
"2024-04-26 11:54:00";"";"0"
"2024-04-26 11:54:01";"";"0"
"2024-04-26 11:54:02";"";"0"
"2024-04-26 11:54:03";"";"0"
"2024-04-26 11:54:04";"";"0"
"2024-04-26 11:54:05";"";"0"
"2024-04-26 11:54:06";"";"0"
"2024-04-26 11:54:07";"";"0"
"2024-04-26 11:54:08";"";"0"
"2024-04-26 11:54:09";"";"0"
"2024-04-26 11:54:10";"";"0"
"2024-04-26 11:54:11";"";"0"
"2024-04-26 11:54:12";"";"0"
"2024-04-26 11:54:13";"";"0"
"2024-04-26 11:54:14";"";"0"
"2024-04-26 11:54:15";"";"0"
"2024-04-26 11:54:16";"";"0"
"2024-04-26 11:54:17";"";"0"
"2024-04-26 11:54:18";"";"0"
"2024-04-26 11:54:19";"";"0"
"2024-04-26 11:54:20";"";"0"
"2024-04-26 11:54:21";"";"0"
"2024-04-26 11:54:22";"";"0"
"2024-04-26 11:54:23";"";"0"
"2024-04-26 11:54:24";"";"0"
"2024-04-26 11:54:25";"";"0"
"2024-04-26 11:54:26";"";"0"
"2024-04-26 11:54:27";"";"0"
"2024-04-26 11:54:28";"";"0"
"2024-04-26 11:54:29";"";"0"
"2024-04-26 11:54:30";"";"0"
"2024-04-26 11:54:31";"";"0"
"2024-04-26 11:54:32";"";"0"
"2024-04-26 11:54:33";"";"0"
"2024-04-26 11:54:34";"";"0"
"2024-04-26 11:54:35";"";"0"
"2024-04-26 11:54:36";"";"0"
"2024-04-26 11:54:37";"";"0"
"2024-04-26 11:54:38";"";"0"
"2024-04-26 11:54:39";"";"0"
"2024-04-26 11:54:40";"";"0"
"2024-04-26 11:54:41";"";"0"
"2024-04-26 11:54:42";"";"0"
"2024-04-26 11:54:43";"";"0"
"2024-04-26 11:54:44";"";"0"
"2024-04-26 11:54:45";"";"0"
"2024-04-26 11:54:46";"";"0"
"2024-04-26 11:54:47";"";"0"
"2024-04-26 11:54:48";"";"0"
"2024-04-26 11:54:49";"";"0"
"2024-04-26 11:54:50";"";"0"
"2024-04-26 11:54:51";"";"0"
"2024-04-26 11:54:52";"";"0"
"2024-04-26 11:54:53";"";"0"
"2024-04-26 11:54:54";"";"0"
"2024-04-26 11:54:55";"";"0"
"2024-04-26 11:54:56";"";"0"
"2024-04-26 11:54:57";"";"0"
"2024-04-26 11:54:58";"";"0"
"2024-04-26 11:54:59";"";"0"
"2024-04-26 11:55:00";"";"0"
"2024-04-26 11:55:01";"";"0"
"2024-04-26 11:55:02";"";"0"
"2024-04-26 11:55:03";"";"0"
"2024-04-26 11:55:04";"";"0"
"2024-04-26 11:55:05";"";"0"
"2024-04-26 11:55:06";"";"0"
"2024-04-26 11:55:07";"";"0"
"2024-04-26 11:55:08";"";"0"
"2024-04-26 11:55:09";"";"0"
"2024-04-26 11:55:10";"";"0"
"2024-04-26 11:55:11";"";"0"
"2024-04-26 11:55:12";"";"0"
"2024-04-26 11:55:13";"";"0"
"2024-04-26 11:55:14";"";"0"
"2024-04-26 11:55:15";"";"0"
"2024-04-26 11:55:16";"";"0"
"2024-04-26 11:55:17";"";"0"
"2024-04-26 11:55:18";"";"0"
"2024-04-26 11:55:19";"";"0"
"2024-04-26 11:55:20";"";"0"
"2024-04-26 11:55:21";"";"0"
"2024-04-26 11:55:22";"";"0"
"2024-04-26 11:55:23";"";"0"
"2024-04-26 11:55:24";"";"0"
"2024-04-26 11:55:25";"";"0"
"2024-04-26 11:55:26";"";"0"
"2024-04-26 11:55:27";"";"0"
"2024-04-26 11:55:28";"";"0"
"2024-04-26 11:55:29";"";"0"
"2024-04-26 11:55:30";"";"0"
"2024-04-26 11:55:31";"";"0"
"2024-04-26 11:55:32";"";"0"
"2024-04-26 11:55:33";"";"0"
"2024-04-26 11:55:34";"";"0"
"2024-04-26 11:55:35";"";"0"
"2024-04-26 11:55:36";"";"0"
"2024-04-26 11:55:37";"";"0"
"2024-04-26 11:55:38";"";"0"
"2024-04-26 11:55:39";"";"0"
"2024-04-26 11:55:40";"";"0"
"2024-04-26 11:55:41";"";"0"
"2024-04-26 11:55:42";"";"0"
"2024-04-26 11:55:43";"";"0"
"2024-04-26 11:55:44";"";"0"
"2024-04-26 11:55:45";"";"0"
"2024-04-26 11:55:46";"";"0"
"2024-04-26 11:55:47";"";"0"
"2024-04-26 11:55:48";"";"0"
"2024-04-26 11:55:49";"";"0"
"2024-04-26 11:55:50";"";"0"
"2024-04-26 11:55:51";"";"0"
"2024-04-26 11:55:52";"";"0"
"2024-04-26 11:55:53";"";"0"
"2024-04-26 11:55:54";"";"0"
"2024-04-26 11:55:55";"";"0"
"2024-04-26 11:55:56";"";"0"
"2024-04-26 11:55:57";"";"0"
"2024-04-26 11:55:58";"";"0"
"2024-04-26 11:55:59";"";"0"
"2024-04-26 11:56:00";"";"0"
"2024-04-26 11:56:01";"";"0"
"2024-04-26 11:56:02";"";"0"
"2024-04-26 11:56:03";"";"0"
"2024-04-26 11:56:04";"";"0"
"2024-04-26 11:56:05";"";"0"
"2024-04-26 11:56:06";"";"0"
"2024-04-26 11:56:07";"";"0"
"2024-04-26 11:56:08";"";"0"
"2024-04-26 11:56:09";"";"0"
"2024-04-26 11:56:10";"";"0"
"2024-04-26 11:56:11";"";"0"
"2024-04-26 11:56:12";"";"0"
"2024-04-26 11:56:13";"";"0"
"2024-04-26 11:56:14";"";"0"
"2024-04-26 11:56:15";"";"0"
"2024-04-26 11:56:16";"";"0"
"2024-04-26 11:56:17";"";"0"
"2024-04-26 11:56:18";"";"0"
"2024-04-26 11:56:19";"";"0"
"2024-04-26 11:56:20";"";"0"
"2024-04-26 11:56:21";"";"0"
"2024-04-26 11:56:22";"";"0"
"2024-04-26 11:56:23";"";"0"
"2024-04-26 11:56:24";"";"0"
"2024-04-26 11:56:25";"";"0"
"2024-04-26 11:56:26";"";"0"
"2024-04-26 11:56:27";"";"0"
"2024-04-26 11:56:28";"";"0"
"2024-04-26 11:56:29";"";"0"
"2024-04-26 11:56:30";"";"0"
"2024-04-26 11:56:31";"";"0"
"2024-04-26 11:56:32";"";"0"
"2024-04-26 11:56:33";"";"0"
"2024-04-26 11:56:34";"";"0"
"2024-04-26 11:56:35";"";"0"
"2024-04-26 11:56:36";"";"0"
"2024-04-26 11:56:37";"";"0"
"2024-04-26 11:56:38";"";"0"
"2024-04-26 11:56:39";"";"0"
"2024-04-26 11:56:40";"";"0"
"2024-04-26 11:56:41";"";"0"
"2024-04-26 11:56:42";"";"0"
"2024-04-26 11:56:43";"";"0"
"2024-04-26 11:56:44";"";"0"
"2024-04-26 11:56:45";"";"0"
"2024-04-26 11:56:46";"";"0"
"2024-04-26 11:56:47";"";"0"
"2024-04-26 11:56:48";"";"0"
"2024-04-26 11:56:49";"";"0"
"2024-04-26 11:56:50";"";"0"
"2024-04-26 11:56:51";"";"0"
"2024-04-26 11:56:52";"";"0"
"2024-04-26 11:56:53";"";"0"
"2024-04-26 11:56:54";"";"0"
"2024-04-26 11:56:55";"";"0"
"2024-04-26 11:56:56";"";"0"
"2024-04-26 11:56:57";"";"0"
"2024-04-26 11:56:58";"";"0"
"2024-04-26 11:56:59";"";"0"
"2024-04-26 11:57:00";"";"0"
"2024-04-26 11:57:01";"";"0"
"2024-04-26 11:57:02";"";"0"
"2024-04-26 11:57:03";"";"0"
"2024-04-26 11:57:04";"";"0"
"2024-04-26 11:57:05";"";"0"
"2024-04-26 11:57:06";"";"0"
"2024-04-26 11:57:07";"";"0"
"2024-04-26 11:57:08";"";"0"
"2024-04-26 11:57:09";"";"0"
"2024-04-26 11:57:10";"";"0"
"2024-04-26 11:57:11";"";"0"
"2024-04-26 11:57:12";"";"0"
"2024-04-26 11:57:13";"";"0"
"2024-04-26 11:57:14";"";"0"
"2024-04-26 11:57:15";"";"0"
"2024-04-26 11:57:16";"";"0"
"2024-04-26 11:57:17";"";"0"
"2024-04-26 11:57:18";"";"0"
"2024-04-26 11:57:19";"";"0"
"2024-04-26 11:57:20";"";"0"
"2024-04-26 11:57:21";"";"0"
"2024-04-26 11:57:22";"";"0"
"2024-04-26 11:57:23";"";"0"
"2024-04-26 11:57:24";"";"0"
"2024-04-26 11:57:25";"";"0"
"2024-04-26 11:57:26";"";"0"
"2024-04-26 11:57:27";"";"0"
"2024-04-26 11:57:28";"";"0"
"2024-04-26 11:57:29";"";"0"
"2024-04-26 11:57:30";"";"0"
"2024-04-26 11:57:31";"";"0"
"2024-04-26 11:57:32";"";"0"
"2024-04-26 11:57:33";"";"0"
"2024-04-26 11:57:34";"";"0"
"2024-04-26 11:57:35";"";"0"
"2024-04-26 11:57:36";"";"0"
"2024-04-26 11:57:37";"";"0"
"2024-04-26 11:57:38";"";"0"
"2024-04-26 11:57:39";"";"0"
"2024-04-26 11:57:40";"";"0"
"2024-04-26 11:57:41";"";"0"
"2024-04-26 11:57:42";"";"0"
"2024-04-26 11:57:43";"";"0"
"2024-04-26 11:57:44";"";"0"
"2024-04-26 11:57:45";"";"0"
"2024-04-26 11:57:46";"";"0"
"2024-04-26 11:57:47";"";"0"
"2024-04-26 11:57:48";"";"0"
"2024-04-26 11:57:49";"";"0"
"2024-04-26 11:57:50";"";"0"
"2024-04-26 11:57:51";"";"0"
"2024-04-26 11:57:52";"";"0"
"2024-04-26 11:57:53";"";"0"
"2024-04-26 11:57:54";"";"0"
"2024-04-26 11:57:55";"";"0"
"2024-04-26 11:57:56";"";"0"
"2024-04-26 11:57:57";"";"0"
"2024-04-26 11:57:58";"";"0"
"2024-04-26 11:58:07";"";"0"
"2024-04-26 11:58:08";"";"0"
"2024-04-26 11:58:09";"";"0"
"2024-04-26 11:58:10";"";"0"
"2024-04-26 11:58:11";"";"0"
"2024-04-26 11:58:12";"";"0"
"2024-04-26 11:58:13";"";"0"
"2024-04-26 11:58:14";"";"1"
"2024-04-26 11:58:15";"";"0"
"2024-04-26 11:58:16";"";"0"
"2024-04-26 11:58:17";"";"0"
"2024-04-26 11:58:18";"";"0"
"2024-04-26 11:58:19";"";"0"
"2024-04-26 11:58:20";"";"0"
"2024-04-26 11:58:21";"";"0"
"2024-04-26 11:58:22";"";"0"
"2024-04-26 11:58:23";"";"0"
"2024-04-26 11:58:24";"";"0"
"2024-04-26 11:58:25";"";"0"
"2024-04-26 11:58:26";"";"0"
"2024-04-26 11:58:27";"";"1"
"2024-04-26 11:58:28";"";"1"
"2024-04-26 11:58:29";"";"1"
"2024-04-26 11:58:30";"";"1"
"2024-04-26 11:58:31";"";"1"
"2024-04-26 11:58:32";"";"0"
"2024-04-26 11:58:33";"";"0"
"2024-04-26 11:58:34";"";"0"
"2024-04-26 11:58:35";"";"0"
"2024-04-26 11:58:36";"";"0"
"2024-04-26 11:58:37";"";"0"
"2024-04-26 11:58:38";"";"0"
"2024-04-26 11:58:39";"";"0"
"2024-04-26 11:58:40";"";"0"
"2024-04-26 11:58:41";"";"0"
"2024-04-26 11:58:42";"";"0"
"2024-04-26 11:58:43";"";"0"
"2024-04-26 11:58:44";"";"0"
"2024-04-26 11:58:45";"";"0"
"2024-04-26 11:58:46";"";"0"
"2024-04-26 11:58:47";"";"0"
"2024-04-26 11:58:48";"";"0"
"2024-04-26 11:58:49";"";"0"
"2024-04-26 11:58:50";"";"0"
"2024-04-26 11:58:51";"";"0"
"2024-04-26 11:58:52";"";"0"
"2024-04-26 11:58:53";"";"0"
"2024-04-26 11:58:54";"";"0"
"2024-04-26 11:58:55";"";"0"
"2024-04-26 11:58:56";"";"1"
"2024-04-26 11:58:57";"";"1"
"2024-04-26 11:58:58";"";"0"
"2024-04-26 11:58:59";"";"0"
"2024-04-26 11:59:00";"";"0"
"2024-04-26 11:59:01";"";"0"
"2024-04-26 11:59:02";"";"1"
"2024-04-26 11:59:03";"";"1"
"2024-04-26 11:59:04";"";"0"
"2024-04-26 11:59:05";"";"0"
"2024-04-26 11:59:06";"";"0"
"2024-04-26 11:59:07";"";"1"
"2024-04-26 11:59:08";"";"1"
"2024-04-26 11:59:09";"";"0"
"2024-04-26 11:59:10";"";"0"
"2024-04-26 11:59:11";"";"1"
"2024-04-26 11:59:12";"";"0"
"2024-04-26 11:59:13";"";"0"
"2024-04-26 11:59:14";"";"1"
"2024-04-26 11:59:15";"";"0"
"2024-04-26 11:59:16";"";"0"
"2024-04-26 11:59:17";"";"0"
"2024-04-26 11:59:18";"";"0"
"2024-04-26 11:59:19";"";"0"
"2024-04-26 11:59:20";"";"0"
"2024-04-26 11:59:21";"";"0"
"2024-04-26 11:59:22";"";"0"
"2024-04-26 11:59:23";"";"0"
"2024-04-26 11:59:24";"";"0"
"2024-04-26 11:59:25";"";"0"
"2024-04-26 11:59:26";"";"0"
"2024-04-26 11:59:27";"";"0"
"2024-04-26 11:59:28";"";"0"
"2024-04-26 11:59:29";"";"0"
"2024-04-26 11:59:30";"";"0"
"2024-04-26 11:59:31";"";"0"
"2024-04-26 11:59:32";"";"0"
"2024-04-26 11:59:33";"";"0"
"2024-04-26 11:59:34";"";"0"
"2024-04-26 11:59:35";"";"0"
"2024-04-26 11:59:36";"";"0"
"2024-04-26 11:59:37";"";"0"
"2024-04-26 11:59:38";"";"0"
"2024-04-26 11:59:39";"";"0"
"2024-04-26 11:59:40";"";"0"
"2024-04-26 11:59:41";"";"0"
"2024-04-26 11:59:42";"";"0"
"2024-04-26 11:59:43";"";"0"
"2024-04-26 11:59:44";"";"0"
"2024-04-26 11:59:45";"";"0"
"2024-04-26 11:59:46";"";"0"
"2024-04-26 11:59:47";"";"0"
"2024-04-26 11:59:48";"";"0"
"2024-04-26 11:59:49";"";"0"
"2024-04-26 11:59:50";"";"0"
"2024-04-26 11:59:51";"";"0"
"2024-04-26 11:59:52";"";"0"
"2024-04-26 11:59:53";"";"0"
"2024-04-26 11:59:54";"";"0"
"2024-04-26 11:59:55";"";"0"
"2024-04-26 11:59:56";"";"0"
"2024-04-26 11:59:57";"";"0"
"2024-04-26 11:59:58";"";"0"
"2024-04-26 11:59:59";"";"0"
"2024-04-26 12:00:00";"";"0"
"2024-04-26 12:00:01";"";"0"
"2024-04-26 12:00:02";"";"0"
"2024-04-26 12:00:03";"";"0"
"2024-04-26 12:00:04";"";"0"
"2024-04-26 12:00:05";"";"0"
"2024-04-26 12:00:06";"";"0"
"2024-04-26 12:00:07";"";"0"
"2024-04-26 12:00:08";"";"0"
"2024-04-26 12:00:09";"";"0"
"2024-04-26 12:00:10";"";"0"
"2024-04-26 12:00:11";"";"0"
"2024-04-26 12:00:12";"";"0"
"2024-04-26 12:00:13";"";"0"
"2024-04-26 12:00:14";"";"0"
"2024-04-26 12:00:15";"";"0"
"2024-04-26 12:00:16";"";"0"
"2024-04-26 12:00:17";"";"0"
"2024-04-26 12:00:18";"";"0"
"2024-04-26 12:00:19";"";"0"
"2024-04-26 12:00:20";"";"0"
"2024-04-26 12:00:21";"";"0"
"2024-04-26 12:00:22";"";"0"
"2024-04-26 12:00:23";"";"0"
"2024-04-26 12:00:24";"";"0"
"2024-04-26 12:00:25";"";"0"
"2024-04-26 12:00:26";"";"0"
"2024-04-26 12:00:27";"";"0"
"2024-04-26 12:00:28";"";"0"
"2024-04-26 12:00:29";"";"0"
"2024-04-26 12:00:30";"";"0"
"2024-04-26 12:00:31";"";"0"
"2024-04-26 12:00:32";"";"0"
"2024-04-26 12:00:33";"";"0"
"2024-04-26 12:00:34";"";"0"
"2024-04-26 12:00:35";"";"0"
"2024-04-26 12:00:36";"";"0"
"2024-04-26 12:00:37";"";"0"
"2024-04-26 12:00:38";"";"0"
"2024-04-26 12:00:39";"";"0"
"2024-04-26 12:00:40";"";"0"
"2024-04-26 12:00:41";"";"0"
"2024-04-26 12:00:42";"";"0"
"2024-04-26 12:00:43";"";"0"
"2024-04-26 12:00:44";"";"0"
"2024-04-26 12:00:45";"";"0"
"2024-04-26 12:00:46";"";"0"
"2024-04-26 12:00:47";"";"0"
"2024-04-26 12:00:48";"";"0"
"2024-04-26 12:00:49";"";"0"
"2024-04-26 12:00:50";"";"0"
"2024-04-26 12:00:51";"";"0"
"2024-04-26 12:00:52";"";"0"
"2024-04-26 12:00:53";"";"0"
"2024-04-26 12:00:54";"";"0"
"2024-04-26 12:00:55";"";"0"
"2024-04-26 12:00:56";"";"0"
"2024-04-26 12:00:57";"";"0"
"2024-04-26 12:00:58";"";"0"
"2024-04-26 12:00:59";"";"0"
"2024-04-26 12:01:00";"";"0"
"2024-04-26 12:01:01";"";"0"
"2024-04-26 12:01:02";"";"0"
"2024-04-26 12:01:03";"";"0"
"2024-04-26 12:01:04";"";"0"
"2024-04-26 12:01:05";"";"0"
"2024-04-26 12:01:06";"";"0"
"2024-04-26 12:01:07";"";"0"
"2024-04-26 12:01:08";"";"0"
"2024-04-26 12:01:09";"";"0"
"2024-04-26 12:01:10";"";"0"
"2024-04-26 12:01:11";"";"0"
"2024-04-26 12:01:12";"";"0"
"2024-04-26 12:01:13";"";"0"
"2024-04-26 12:01:14";"";"0"
"2024-04-26 12:01:15";"";"0"
"2024-04-26 12:01:16";"";"0"
"2024-04-26 12:01:17";"";"0"
"2024-04-26 12:01:18";"";"0"
"2024-04-26 12:01:19";"";"0"
"2024-04-26 12:01:20";"";"0"
"2024-04-26 12:01:21";"";"0"
"2024-04-26 12:01:22";"";"0"
"2024-04-26 12:01:23";"";"0"
"2024-04-26 12:01:24";"";"0"
"2024-04-26 12:01:25";"";"0"
"2024-04-26 12:01:26";"";"0"
"2024-04-26 12:01:27";"";"0"
"2024-04-26 12:01:28";"";"0"
"2024-04-26 12:01:29";"";"0"
"2024-04-26 12:01:30";"";"0"
"2024-04-26 12:01:31";"";"0"
"2024-04-26 12:01:32";"";"0"
"2024-04-26 12:01:33";"";"0"
"2024-04-26 12:01:34";"";"0"
"2024-04-26 12:01:35";"";"0"
"2024-04-26 12:01:36";"";"0"
"2024-04-26 12:01:37";"";"0"
"2024-04-26 12:01:38";"";"0"
"2024-04-26 12:01:39";"";"0"
"2024-04-26 12:01:40";"";"0"
"2024-04-26 12:01:41";"";"0"
"2024-04-26 12:01:42";"";"0"
"2024-04-26 12:01:43";"";"0"
"2024-04-26 12:01:44";"";"0"
"2024-04-26 12:01:45";"";"0"
"2024-04-26 12:01:46";"";"0"
"2024-04-26 12:01:47";"";"0"
"2024-04-26 12:01:48";"";"0"
"2024-04-26 12:01:49";"";"0"
"2024-04-26 12:01:50";"";"0"
"2024-04-26 12:01:51";"";"0"
"2024-04-26 12:01:52";"";"0"
"2024-04-26 12:01:53";"";"0"
"2024-04-26 12:01:54";"";"0"
"2024-04-26 12:01:55";"";"0"
"2024-04-26 12:01:56";"";"0"
"2024-04-26 12:01:57";"";"0"
"2024-04-26 12:01:58";"";"0"
"2024-04-26 12:01:59";"";"0"
"2024-04-26 12:02:00";"";"0"
"2024-04-26 12:02:01";"";"0"
"2024-04-26 12:02:02";"";"0"
"2024-04-26 12:02:03";"";"0"
"2024-04-26 12:02:04";"";"0"
"2024-04-26 12:02:05";"";"0"
"2024-04-26 12:02:06";"";"0"
"2024-04-26 12:02:07";"";"0"
"2024-04-26 12:02:08";"";"0"
"2024-04-26 12:02:09";"";"0"
"2024-04-26 12:02:10";"";"0"
"2024-04-26 12:02:11";"";"0"
"2024-04-26 12:02:12";"";"0"
"2024-04-26 12:02:13";"";"0"
"2024-04-26 12:02:14";"";"0"
"2024-04-26 12:02:15";"";"0"
"2024-04-26 12:02:16";"";"0"
"2024-04-26 12:02:17";"";"0"
"2024-04-26 12:02:18";"";"0"
"2024-04-26 12:02:19";"";"0"
"2024-04-26 12:02:20";"";"0"
"2024-04-26 12:02:21";"";"0"
"2024-04-26 12:02:22";"";"0"
"2024-04-26 12:02:23";"";"0"
"2024-04-26 12:02:24";"";"0"
"2024-04-26 12:02:25";"";"0"
"2024-04-26 12:02:26";"";"0"
"2024-04-26 12:02:27";"";"0"
"2024-04-26 12:02:28";"";"0"
"2024-04-26 12:02:29";"";"0"
"2024-04-26 12:02:30";"";"0"
"2024-04-26 12:02:31";"";"0"
"2024-04-26 12:02:32";"";"0"
"2024-04-26 12:02:33";"";"0"
"2024-04-26 12:02:34";"";"0"
"2024-04-26 12:02:35";"";"0"
"2024-04-26 12:02:36";"";"0"
"2024-04-26 12:02:37";"";"0"
"2024-04-26 12:02:38";"";"0"
"2024-04-26 12:02:39";"";"0"
"2024-04-26 12:02:40";"";"0"
"2024-04-26 12:02:41";"";"0"
"2024-04-26 12:02:42";"";"0"
"2024-04-26 12:02:43";"";"0"
"2024-04-26 12:02:44";"";"0"
"2024-04-26 12:02:45";"";"0"
"2024-04-26 12:02:46";"";"0"
"2024-04-26 12:02:47";"";"0"
"2024-04-26 12:02:48";"";"0"
"2024-04-26 12:02:49";"";"0"
"2024-04-26 12:02:50";"";"0"
"2024-04-26 12:02:51";"";"0"
"2024-04-26 12:02:52";"";"0"
"2024-04-26 12:02:53";"";"0"
"2024-04-26 12:02:54";"";"0"
"2024-04-26 12:02:55";"";"0"
"2024-04-26 12:02:56";"";"0"
"2024-04-26 12:02:57";"";"0"
"2024-04-26 12:02:58";"";"0"
"2024-04-26 12:02:59";"";"0"
"2024-04-26 12:03:00";"";"0"
"2024-04-26 12:03:01";"";"0"
"2024-04-26 12:03:02";"";"0"
"2024-04-26 12:03:03";"";"0"
"2024-04-26 12:03:04";"";"0"
"2024-04-26 12:03:05";"";"0"
"2024-04-26 12:03:06";"";"0"
"2024-04-26 12:03:07";"";"0"
"2024-04-26 12:03:08";"";"0"
"2024-04-26 12:03:09";"";"0"
"2024-04-26 12:03:10";"";"0"
"2024-04-26 12:03:11";"";"0"
"2024-04-26 12:03:12";"";"0"
"2024-04-26 12:03:13";"";"0"
"2024-04-26 12:03:14";"";"0"
"2024-04-26 12:03:15";"";"0"
"2024-04-26 12:03:16";"";"0"
"2024-04-26 12:03:17";"";"0"
"2024-04-26 12:03:18";"";"0"
"2024-04-26 12:03:19";"";"0"
